New York-Newark-Jersey City, NY-NJ-PA
Los Angeles-Long Beach-Anaheim, CA
Chicago-Naperville-Elgin, IL-IN-WI
Dallas-Fort Worth-Arlington, TX
Houston-The Woodlands-Sugar Land, TX
Washington-Arlington-Alexandria, DC-VA-MD-WV
Philadelphia-Camden-Wilmington, PA-NJ-DE-MD
Atlanta-Sandy Springs-Alpharetta, GA
All Metro Areas
Miami-Fort Lauderdale-Pompano Beach, FL
Phoenix-Mesa-Chandler, AZ
Boston-Cambridge-Newton, MA-NH
Riverside-San Bernardino-Ontario, CA
San Francisco-Oakland-Berkeley, CA
Detroit-Warren-Dearborn, MI
Seattle-Tacoma-Bellevue, WA
Minneapolis-St. Paul-Bloomington, MN-WI
San Diego-Chula Vista-Carlsbad, CA
Tampa-St. Petersburg-Clearwater, FL
Denver-Aurora-Lakewood, CO
Baltimore-Columbia-Towson, MD
St. Louis, MO-IL
Charlotte-Concord-Gastonia, NC-SC
Orlando-Kissimmee-Sanford, FL
San Antonio-New Braunfels, TX
Portland-Vancouver-Hillsboro, OR-WA
Sacramento-Roseville-Folsom, CA
Austin-Round Rock-Georgetown, TX
Pittsburgh, PA
Las Vegas-Henderson-Paradise, NV
Cincinnati, OH-KY-IN
Kansas City, MO-KS
Columbus, OH
Indianapolis-Carmel-Anderson, IN
Cleveland-Elyria, OH
Nashville-Davidson--Murfreesboro--Franklin, TN
San Jose-Sunnyvale-Santa Clara, CA
Virginia Beach-Norfolk-Newport News, VA-NC
Providence-Warwick, RI-MA
Jacksonville, FL
Milwaukee-Waukesha, WI
Raleigh-Cary, NC
Oklahoma City, OK
Memphis, TN-MS-AR
Richmond, VA
Louisville/Jefferson County, KY-IN
New Orleans-Metairie, LA
Salt Lake City, UT
Hartford-East Hartford-Middletown, CT
Buffalo-Cheektowaga, NY
Grand Rapids-Kentwood, MI
Birmingham-Hoover, AL
Rochester, NY'
Tucson, AZ
Fresno, CA
Tulsa, OK
Urban Honolulu, HI
Worcester, MA-CT
Omaha-Council Bluffs, NE-IA
Greenville-Anderson, SC
Bridgeport-Stamford-Norwalk, CT
Albuquerque, NM
Bakersfield, CA
Knoxville, TN
Albany-Schenectady-Troy, NY
McAllen-Edinburg-Mission, TX
North Port-Sarasota-Bradenton, FL
Allentown-Bethlehem-Easton, PA-NJ
El Paso, TX
New Haven-Milford, CT
Baton Rouge, LA
Oxnard-Thousand Oaks-Ventura, CA
Columbia, SC
Charleston-North Charleston, SC
Dayton-Kettering, OH
Cape Coral-Fort Myers, FL
Boise City, ID
Greensboro-High Point, NC
Stockton, CA
Lakeland-Winter Haven, FL
Colorado Springs, CO
Little Rock-North Little Rock-Conway, AR
Des Moines-West Des Moines, IA
Ogden-Clearfield, UT
Springfield, MA
Deltona-Daytona Beach-Ormond Beach, FL
Poughkeepsie-Newburgh-Middletown, NY
Provo-Orem, UT
Akron, OH
Winston-Salem, NC
Madison, WI
Syracuse, NY
Wichita, KS
Toledo, OH
Palm Bay-Melbourne-Titusville, FL
Durham-Chapel Hill, NC
Augusta-Richmond County, GA-SC
Harrisburg-Carlisle, PA
Spokane-Spokane Valley, WA
Jackson, MS
Chattanooga, TN-GA
Fayetteville-Springdale-Rogers, AR
Portland-South Portland, ME
Scranton--Wilkes-Barre, PA
Modesto, CA
Lansing-East Lansing, MI
Lancaster, PA
Myrtle Beach-Conway-North Myrtle Beach, SC-NC
Youngstown-Warren-Boardman, OH-PA
Pensacola-Ferry Pass-Brent, FL
Lexington-Fayette, KY
Fayetteville, NC
Port St. Lucie, FL
Huntsville, AL
Reno, NV
Santa Rosa-Petaluma, CA
Springfield, MO
Killeen-Temple, TX
Lafayette, LA
Visalia, CA
Asheville, NC
York-Hanover, PA
Vallejo, CA
Santa Maria-Santa Barbara, CA
Salisbury, MD-DE
Salem, OR
Corpus Christi, TX
Mobile, AL
Reading, PA
Brownsville-Harlingen, TX
Manchester-Nashua, NH
Salinas, CA
Fort Wayne, IN
Canton-Massillon, OH
Flint, MI
Gulfport-Biloxi, MS
Savannah, GA
Anchorage, AK
Peoria, IL
Naples-Marco Island, FL
Beaumont-Port Arthur, TX
Trenton-Princeton, NJ
Tallahassee, FL
Shreveport-Bossier City, LA
Montgomery, AL
Eugene-Springfield, OR
Davenport-Moline-Rock Island, IA-IL
Ocala, FL
Ann Arbor, MI
Hickory-Lenoir-Morganton, NC
Fort Collins, CO
Huntington-Ashland, WV-KY-OH
Gainesville, FL
Boulder, CO
Greeley, CO
Lincoln, NE
Rockford, IL
Spartanburg, SC
Lubbock, TX
Columbus, GA-AL
Green Bay, WI
Clarksville, TN-KY
South Bend-Mishawaka, IN-MI
Roanoke, VA
Evansville, IN-KY
Kennewick-Richland, WA
Kingsport-Bristol, TN-VA
Olympia-Lacey-Tumwater, WA
Wilmington, NC
Crestview-Fort Walton Beach-Destin, FL
Hagerstown-Martinsburg, MD-WV
Duluth, MN-WI
Longview, TX
Utica-Rome, NY
Merced, CA
Santa Cruz-Watsonville, CA
San Luis Obispo-Paso Robles, CA
Waco, TX
Sioux Falls, SD
Cedar Rapids, IA
Bremerton-Silverdale-Port Orchard, WA
College Station-Bryan, TX
Laredo, TX
Atlantic City-Hammonton, NJ
Tuscaloosa, AL
Norwich-New London, CT
Amarillo, TX
Erie, PA
Lynchburg, VA
Charleston, WV
Kalamazoo-Portage, MI
Yakima, WA
Fargo, ND-MN
Prescott Valley-Prescott, AZ
Fort Smith, AR-OK
Binghamton, NY
Daphne-Fairhope-Foley, AL
Appleton, WI
Las Cruces, NM
Topeka, KS
Barnstable Town, MA
Tyler, TX
Bellingham, WA
Rochester, MN
Hilton Head Island-Bluffton, SC
Burlington-South Burlington, VT
Macon-Bibb County, GA
Champaign-Urbana, IL
Lafayette-West Lafayette, IN
Medford, OR
Lebanon, NH-VT
Lake Havasu City-Kingman, AZ
Charlottesville, VA
Columbia, MO
Yuma, AZ
Chico, CA
Lake Charles, LA
Athens-Clarke County, GA
Springfield, IL
Florence, SC
Houma-Thibodaux, LA
Elkhart-Goshen, IN
Racine, WI
Bend, OR
Hilo, HI
Monroe, LA
Gainesville, GA
Jacksonville, NC
Punta Gorda, FL
Johnson City, TN
Warner Robins, GA
St. George, UT
St. Cloud, MN
Kingston, NY
Saginaw, MI
Billings, MT
Bowling Green, KY
Jackson, TN
Torrington, CT
Coeur d'Alene, ID
Terre Haute, IN
Burlington, NC
Yuba City, CA
Joplin, MO
Greenville, NC
Iowa City, IA
Dover, DE
Abilene, TX
Muskegon, MI
Panama City, FL
Auburn-Opelika, AL
Eau Claire, WI
Hattiesburg, MS
Redding, CA
El Centro, CA
Oshkosh-Neenah, WI
Midland, TX
Pueblo, CO
Bloomington, IL
East Stroudsburg, PA
Blacksburg-Christiansburg, VA
Tupelo, MS
Odessa, TX
Waterloo-Cedar Falls, IA
Sebastian-Vero Beach, FL
Kahului-Wailuku-Lahaina, HI
Janesville-Beloit, WI
Niles, MI
Bloomington, IN
Idaho Falls, ID
State College, PA
Wausau-Weston, WI
Jackson, MI
Madera, CA
Homosassa Springs, FL
Grand Junction, CO
Elizabethtown-Fort Knox, KY
Decatur, AL
Vineland-Bridgeton, NJ
Dothan, AL
Traverse City, MI
Hanford-Corcoran, CA
Alexandria, LA
Logan, UT-ID
Santa Fe, NM
Concord, NH
Sioux City, IA-NE-SD
Florence-Muscle Shoals, AL
Wichita Falls, TX
Bangor, ME
London, KY
Jefferson City, MO
Valdosta, GA
Texarkana, TX-AR
Monroe, MI
The Villages, FL
Rapid City, SD
Albany, GA
Sherman-Denison, TX
Hammond, LA
Lebanon, PA
Chambersburg-Waynesboro, PA
Winchester, VA-WV
Dalton, GA
Rocky Mount, NC
Pottsville, PA
Morristown, TN
Albany-Lebanon, OR
Ottawa, IL
Harrisonburg, VA
Morgantown, WV
Flagstaff, AZ
La Crosse-Onalaska, WI-MN
Jonesboro, AR
Wheeling, WV-OH
Napa, CA
Sumter, SC
Eureka-Arcata, CA
Manhattan, KS
Battle Creek, MI
Lumberton, NC
Springfield, OH
Bismarck, ND
Carbondale-Marion, IL
Mount Vernon-Anacortes, WA
Augusta-Waterville, ME
Johnstown, PA
Sierra Vista-Douglas, AZ
Ames, IA
Glens Falls, NY
Cleveland, TN
Mansfield, OH
Anniston-Oxford, AL
Jamestown-Dunkirk-Fredonia, NY
Lawton, OK
Pittsfield, MA
Owensboro, KY
Wooster, OH
San Angelo, TX
Staunton, VA
Bozeman, MT
Lawrence, KS
Altoona, PA
Cookeville, TN
Wenatchee, WA
Farmington, NM
Goldsboro, NC
Williamsport, PA
Missoula, MT
St. Joseph, MO-KS
Jefferson, GA
New Bern, NC
Sheboygan, WI
Michigan City-La Porte, IN
Twin Falls, ID
Weirton-Steubenville, WV-OH
Show Low, AZ
Longview, WA
Brunswick, GA
Kalispell, MT
California-Lexington Park, MD
Watertown-Fort Drum, NY
Fond du Lac, WI
Roseburg, OR
Beckley, WV
Muncie, IN
Richmond-Berea, KY
Lewiston-Auburn, ME
Lima, OH
Whitewater, WI
Tullahoma-Manchester, TN
Ogdensburg-Massena, NY
Bluefield, WV-VA
Kankakee, IL
LaGrange, GA-AL
Hot Springs, AR
Gadsden, AL
Sebring-Avon Park, FL
Ithaca, NY
Salem, OH
Albertville, AL
Sevierville, TN
Mankato, MN
Grand Forks, ND-MN
Adrian, MI
Decatur, IL
Holland, MI
Truckee-Grass Valley, CA
Cheyenne, WY
Pinehurst-Southern Pines, NC
Moses Lake, WA
Dubuque, IA
Danville, VA
Shelby, NC
Bay City, MI
Meridian, MS
Pocatello, ID
Gettysburg, PA
Victoria, TX
Ashtabula, OH
Paducah, KY-IL
Cape Girardeau, MO-IL
Cumberland, MD-WV
Brainerd, MN
New Castle, PA
Ocean City, NJ
Fairbanks, AK
Rome, GA
New Philadelphia-Dover, OH
Meadville, PA
Corning, NY
Athens, TX
Zanesville, OH
Indiana, PA
Hermiston-Pendleton, OR
Grants Pass, OR
Sunbury, PA
Ukiah, CA
Parkersburg-Vienna, WV
Wilson, NC
Clarksburg, WV
Russellville, AR
Oak Harbor, WA
Lufkin, TX
Cullman, AL
Helena, MT
Opelousas, LA
Orangeburg, SC
Bloomsburg-Berwick, PA
Centralia, WA
Pine Bluff, AR
Kokomo, IN
Corvallis, OR
Wisconsin Rapids-Marshfield, WI
Great Falls, MT
Greeneville, TN
Glenwood Springs, CO
Stillwater, OK
Columbus, IN
Hinesville, GA
Laurel, MS
Plattsburgh, NY
Elmira, NY
Port Angeles, WA
Heber, UT
Midland, MI
Statesboro, GA
Casper, WY
Manitowoc, WI
Seneca, SC
Olean, NY
Key West, FL
Keene, NH
Aberdeen, WA
Watertown-Fort Atkinson, WI
DuBois, PA
Sandusky, OH
Talladega-Sylacauga, AL
Chillicothe, OH
Warsaw, IN
Huntsville, TX
Searcy, AR
Sanford, NC
Beaver Dam, WI
Minot, ND
Baraboo, WI
Grand Island, NE
Frankfort, KY
Shawnee, OK
Somerset, PA
Morehead City, NC
Portsmouth, OH
Muskogee, OK
Danville, IL
Quincy, IL-MO
Kapaa, HI
Mount Airy, NC
Hobbs, NM
Lake City, FL
Auburn, NY
Palatka, FL
Red Bluff, CA
Farmington, MO
Faribault-Northfield, MN
Forest City, NC
Klamath Falls, OR
Roanoke Rapids, NC
Granbury, TX
Findlay, OH
Laconia, NH
Fort Payne, AL
Gallup, NM
Marion, IN
Stevens Point, WI
Greenwood, SC
Rexburg, ID
Somerset, KY
Clearlake, CA
Martinsville, VA
Richmond, IN
Athens, OH
Shelton, WA
Dublin, GA
Marinette, WI-MI
Marion, OH
Marquette, MI
North Wilkesboro, NC
Nacogdoches, TX
Rio Grande City-Roma, TX
Lewiston, ID-WA
Coos Bay, OR
Jasper, AL
Fremont, OH
Mount Vernon, OH
Starkville, MS
Mount Pleasant, MI
Georgetown, SC
Cedar City, UT
Roswell, NM
Walla Walla, WA
Albemarle, NC
Rutland, VT
Enid, OK
Palestine, TX
Sturgis, MI
Gillette, WY
Barre, VT
Carson City, NV
Hutchinson, KS
Calhoun, GA
Tiffin, OH
Crossville, TN
Sayre, PA
Cullowhee, NC
Marietta, OH
Salina, KS
Fairmont, WV
Eagle Pass, TX
Boone, NC
Columbus, MS
Hudson, NY
Carlsbad-Artesia, NM
Amsterdam, NY
Alamogordo, NM
Batavia, NY
Ardmore, OK
Jacksonville, TX
Picayune, MS
Fort Leonard Wood, MO
Norwalk, OH
Danville, KY
Kearney, NE
Fernley, NV
Waycross, GA
Durango, CO
Fort Madison-Keokuk, IA-IL-MO
Sonora, CA
Batesville, AR
Branson, MO
Poplar Bluff, MO
Charleston-Mattoon, IL
Ontario, OR-ID
Oneonta, NY
Sterling, IL
Jasper, IN
St. Marys, GA
Fergus Falls, MN
Enterprise, AL
Scottsboro, AL
Platteville, WI
Kinston, NC
Elko, NV
Point Pleasant, WV-OH
Elizabeth City, NC
Warrensburg, MO
Glasgow, KY
Oxford, MS
Payson, AZ
Kerrville, TX
Corsicana, TX
Pahrump, NV
Douglas, GA
Bartlesville, OK
Edwards, CO
Ashland, OH
Shelbyville, TN
Milledgeville, GA
Alice, TX
Newport, OR
Greenville, OH
Lawrenceburg, TN
Gardnerville Ranchos, NV
Athens, TN
Malone, NY
Paris, TX
Gaffney, SC
Shawano, WI
Winona, MN
Cedartown, GA
Cadillac, MI
Bellefontaine, OH
Mason City, IA
Rochelle, IL
Ca¨on City, CO
Bardstown, KY
Oil City, PA
Red Wing, MN
New Castle, IN
Pullman, WA
Ruston, LA
Galesburg, IL
Norfolk, NE
Rockingham, NC
Durant, OK
Montrose, CO
Morgan City, LA
Mount Sterling, KY
Cornelia, GA
Del Rio, TX
Clovis, NM
Seymour, IN
Ellensburg, WA
Washington, NC
Bemidji, MN
Wilmington, OH
Gloversville, NY
Bedford, IN
Blackfoot, ID
Cortland, NY
Moultrie, GA
Sandpoint, ID
Harrison, AR
Nogales, AZ
Kendallville, IN
Ponca City, OK
Bogalusa, LA
Okeechobee, FL
Clinton, IA
Lewistown, PA
Alexander City, AL
Plymouth, IN
Henderson, NC
Menomonie, WI
Natchez, MS-LA
Marion, NC
Thomasville, GA
Madisonville, KY
Paragould, AR
Mountain Home, AR
Wapakoneta, OH
Rolla, MO
Sidney, OH
Freeport, IL
Fort Polk South, LA
Mount Pleasant, TX
Ozark, AL
Espa¨ola, NM
Coldwater, MI
Clewiston, FL
Willmar, MN
Burley, ID
Tahlequah, OK
Grand Rapids, MN
McMinnville, TN
Duncan, OK
Bucyrus-Galion, OH
Burlington, IA-IL
Huntingdon, PA
Alma, MI
Vicksburg, MS
Stephenville, TX
Greenville, MS
Big Stone Gap, VA
Centralia, IL
McAlester, OK
Muscatine, IA
El Campo, TX
Sedalia, MO
Aberdeen, SD
Hillsdale, MI
Celina, OH
Sikeston, MO
Rock Springs, WY
Auburn, IN
McComb, MS
Astoria, OR
Garden City, KS
Lewisburg, PA
Mayfield, KY
Austin, MN
Big Rapids, MI
Moscow, ID
Huntington, IN
DeRidder, LA
Newberry, SC
West Plains, MO
Marshalltown, IA
Riverton, WY
Pittsburg, KS
Houghton, MI
Tifton, GA
Cambridge, OH
Ada, OK
Blytheville, AR
Laramie, WY
Williston, ND
Selinsgrove, PA
Campbellsville, KY
Crawfordsville, IN
Bradford, PA
Selma, AL
Minden, LA
Kill Devil Hills, NC
Safford, AZ
Murray, KY
Escanaba, MI
Brownwood, TX
Fremont, NE
Hutchinson, MN
Gainesville, TX
Warren, PA
Natchitoches, LA
Defiance, OH
Easton, MD
Bay City, TX
Logansport, IN
Sault Ste. Marie, MI
El Dorado, AR
Owatonna, MN
Sulphur Springs, TX
Jacksonville, IL
Lebanon, MO
Newport, TN
Alexandria, MN
Scottsbluff, NE
Fort Dodge, IA
Jackson, WY-ID
Bennington, VT
Hannibal, MO
Greenwood, MS
Madison, IN
Vidalia, GA
Arcadia, FL
Atmore, AL
Brenham, TX
Butte-Silver Bow, MT
Vincennes, IN
Mount Vernon, IL
Dixon, IL
Taos, NM
Columbus, NE
Vernal, UT
Angola, IN
Dayton, TN
Dyersburg, TN
Troy, AL
Ottumwa, IA
Urbana, OH
Lewisburg, TN
Corinth, MS
Emporia, KS
Bonham, TX
Decatur, IN
Coshocton, OH
Brookings, SD
Big Spring, TX
Effingham, IL
Winfield, KS
North Platte, NE
Watertown, SD
Frankfort, IN
Lock Haven, PA
Dodge City, KS
Peru, IN
Americus, GA
Brevard, NC
Pella, IA
Dickinson, ND
Plainview, TX
Susanville, CA
Laurinburg, NC
Taylorville, IL
Coffeyville, KS
Pontiac, IL
Juneau, AK
Las Vegas, NM
Sheridan, WY
Malvern, AR
Grants, NM
Martin, TN
Jackson, OH
Paris, TN
Cleveland, MS
Toccoa, GA
Cambridge, MD
St. Marys, PA
Berlin, NH
Beeville, TX
McPherson, KS
Hastings, NE
Wabash, IN
Brookhaven, MS
Breckenridge, CO
Seneca Falls, NY
Kirksville, MO
Kingsville, TX
Miami, OK
Washington, IN
Mount Gay-Shamrock, WV
Jesup, GA
Central City, KY
Jennings, LA
Fort Morgan, CO
Alpena, MI
Albert Lea, MN
Union City, TN
Weatherford, OK
Iron Mountain, MI-WI
Hays, KS
Ludington, MI
Crescent City, CA
Mountain Home, ID
Kennett, MO
Elkins, WV
Bainbridge, GA
Mineral Wells, TX
Macomb, IL
Silver City, NM
Camden, AR
Greensburg, IN
Hope, AR
Eufaula, AL-GA
Ottawa, KS
Summerville, GA
Fredericksburg, TX
Moberly, MO
Lincoln, IL
New Ulm, MN
Spearfish, SD
La Grande, OR
Wauchula, FL
The Dalles, OR
Bennettsville, SC
Washington Court House, OH
Union, SC
Marshall, MN
Uvalde, TX
Thomaston, GA
North Vernon, IN
Fallon, NV
Prineville, OR
Steamboat Springs, CO
Great Bend, KS
Middlesborough, KY
Lexington, NE
Forrest City, AR
Altus, OK
Hailey, ID
Deming, NM
Marshall, MO
Van Wert, OH
Magnolia, AR
Mexico, MO
Mitchell, SD
Arkadelphia, AR
Connersville, IN
Brookings, OR
Wahpeton, ND-MN
Yankton, SD
Scottsburg, IN
Woodward, OK
Borger, TX
Pampa, TX
Hood River, OR
Storm Lake, IA
Indianola, MS
Beatrice, NE
Huron, SD
Elk City, OK
Liberal, KS
Jamestown, ND
Carroll, IA
Worthington, MN
Rockport, TX
Sterling, CO
Levelland, TX
Grenada, MS
Pierre, SD
Ruidoso, NM
Evanston, WY
Raymondville, TX
Guymon, OK
Cordele, GA
Maryville, MO
Clarksdale, MS
Oskaloosa, IA
Othello, WA
Vineyard Haven, MA
Fairmont, MN
Port Lavaca, TX
Dumas, TX
Los Alamos, NM
West Point, MS
Parsons, KS
Price, UT
Pearsall, TX
Hereford, TX
Andrews, TX
Fitzgerald, GA
Portales, NM
Winnemucca, NV
Spirit Lake, IA
Maysville, KY
Snyder, TX
Brownsville, TN
Helena-West Helena, AR
Sweetwater, TX
Fairfield, IA
Atchison, KS
Spencer, IA
Pecos, TX
Vermillion, SD
Zapata, TX
Ketchikan, AK
Craig, CO
Vernon, TX
Lamesa, TX